model,run,mae,r2,spearman
epoch_only,run-0e25bbe73f49/seed-3127276340,0.08789931467711141,0.20668482933056054,0.9699329247501332
epoch_only,run-0e25bbe73f49/seed-4247511459,0.17393167592336814,0.07174210020701988,0.816079554347752
epoch_only,run-98357fef99fe/seed-4292514521,0.1781234983045582,-0.18673289833072282,0.8333411520026534
epoch_only,run-98357fef99fe/seed-971400669,0.0780612960647929,0.27975714399445417,0.9689947944428015
epoch_only,run-be83c9d3e5af/seed-2325060526,0.2916014010230116,-0.13689093830531496,0.7337401089435224
epoch_only,run-be83c9d3e5af/seed-3549333581,0.22882795508477827,-3.6433499435861476,0.8129455909943716
epoch_only,run-ebbe4035ec6e/seed-1741336945,0.25053318803267033,-3.4371582945631793,0.9903841654499619
epoch_only,run-ebbe4035ec6e/seed-3002361271,0.21870463416743008,-0.31385592813730634,0.8389699338466428
epoch_only,run-ef7523a1358a/seed-1226023601,0.147016110222888,-0.34270771156796953,0.8686432879529986
epoch_only,run-ef7523a1358a/seed-881886696,0.3009504524389689,-0.8232630235507803,0.9855058878518377
epoch_only,run-f856f0c1ae51/seed-2722409734,0.0957229736044657,0.26182788018412495,0.9862563920977028
epoch_only,run-f856f0c1ae51/seed-310190245,0.10449178748146433,0.37492114751148864,0.990571791511428
train_loss_accuracy,run-0e25bbe73f49/seed-3127276340,0.0885245901246761,0.6497374322277454,0.6811764161534691
train_loss_accuracy,run-0e25bbe73f49/seed-4247511459,0.11457332104350151,0.6765308804245098,0.7862470105746073
train_loss_accuracy,run-98357fef99fe/seed-4292514521,0.12217341309378749,0.4732963848353492,0.8200197016385448
train_loss_accuracy,run-98357fef99fe/seed-971400669,0.05921533830573594,0.8179777607531432,0.9481683016200402
train_loss_accuracy,run-be83c9d3e5af/seed-2325060526,0.22362590341680305,0.30984918857187305,0.7087753009390485
train_loss_accuracy,run-be83c9d3e5af/seed-3549333581,0.24574397157499123,-3.72103195876407,0.7752345215759852
train_loss_accuracy,run-ebbe4035ec6e/seed-1741336945,0.26021166438467985,-3.5086272050084455,0.9624278822914804
train_loss_accuracy,run-ebbe4035ec6e/seed-3002361271,0.1659592012887933,0.3230227094372784,0.8400956902154408
train_loss_accuracy,run-ef7523a1358a/seed-1226023601,0.14233406311602695,0.17136136632792642,0.7997748311202592
train_loss_accuracy,run-ef7523a1358a/seed-881886696,0.2508017625781599,-0.23945038640121896,0.9498569361732371
train_loss_accuracy,run-f856f0c1ae51/seed-2722409734,0.09079732093149231,0.6566084899281126,0.9549228398328277
train_loss_accuracy,run-f856f0c1ae51/seed-310190245,0.05772305590829727,0.8861770407640067,0.89263098742601
probe_nuisance,run-0e25bbe73f49/seed-3127276340,0.03644700209366847,0.9039098580139523,0.9806276102537131
probe_nuisance,run-0e25bbe73f49/seed-4247511459,0.02941858389033798,0.9078877263995898,0.7990055827543172
probe_nuisance,run-98357fef99fe/seed-4292514521,0.11598479771534356,0.4282267772498576,0.8389699338466428
probe_nuisance,run-98357fef99fe/seed-971400669,0.033357386152960036,0.9172964608664337,0.9624278822914804
probe_nuisance,run-be83c9d3e5af/seed-2325060526,0.09020224234446433,0.8054354387645919,0.7534491678944227
probe_nuisance,run-be83c9d3e5af/seed-3549333581,0.20497708106533624,-2.2472099330292057,0.8236397748592872
probe_nuisance,run-ebbe4035ec6e/seed-1741336945,0.22797197898879454,-2.4255421563165562,0.9654298992749416
probe_nuisance,run-ebbe4035ec6e/seed-3002361271,0.1057500024667554,0.7251062756600946,0.8522913842107515
probe_nuisance,run-ef7523a1358a/seed-1226023601,0.11807338902360756,0.399613800597976,0.8615124940575105
probe_nuisance,run-ef7523a1358a/seed-881886696,0.3260734022998119,-1.0367077540400484,0.921525400891823
probe_nuisance,run-f856f0c1ae51/seed-2722409734,0.02919901490041692,0.9431806167921216,0.9808152363151798
probe_nuisance,run-f856f0c1ae51/seed-310190245,0.09196437414612312,0.7640033656445624,0.9900089133270293
all_nuisance,run-0e25bbe73f49/seed-3127276340,0.04006684409374457,0.9217495487553504,0.9331582167027347
all_nuisance,run-0e25bbe73f49/seed-4247511459,0.025911416868552473,0.9044860884643938,0.8166424325321511
all_nuisance,run-98357fef99fe/seed-4292514521,0.12028048145836068,0.37281504880107796,0.8363431689861145
all_nuisance,run-98357fef99fe/seed-971400669,0.03572543328742382,0.9217998020718813,0.9718091853647963
all_nuisance,run-be83c9d3e5af/seed-2325060526,0.08081079577497781,0.8169146968931467,0.7523229359543713
all_nuisance,run-be83c9d3e5af/seed-3549333581,0.20545735790088787,-2.2410201606826723,0.8212007504690433
all_nuisance,run-ebbe4035ec6e/seed-1741336945,0.23181085421767006,-2.5183020597050993,0.9853182617903714
all_nuisance,run-ebbe4035ec6e/seed-3002361271,0.13585978010538344,0.5461708288458407,0.8432853332603683
all_nuisance,run-ef7523a1358a/seed-1226023601,0.11188843615303364,0.4910713806588266,0.8273597443475417
all_nuisance,run-ef7523a1358a/seed-881886696,0.3365945590103976,-1.1600438429792295,0.8847506928444245
all_nuisance,run-f856f0c1ae51/seed-2722409734,0.025642891060285417,0.9447606061747359,0.9340963470100663
all_nuisance,run-f856f0c1ae51/seed-310190245,0.08221508633502694,0.8146922056619549,0.9145832366175692
evaluation_accuracy_control,run-0e25bbe73f49/seed-3127276340,0.05380641356069088,0.7168017001487277,0.733064814088509
evaluation_accuracy_control,run-0e25bbe73f49/seed-4247511459,0.1046437767979584,0.6078568877758236,0.6307788614184384
evaluation_accuracy_control,run-98357fef99fe/seed-4292514521,0.12122372176695015,0.3130858423343872,0.7902742975648476
evaluation_accuracy_control,run-98357fef99fe/seed-971400669,0.07217605310452724,0.5584417987935715,0.6015987035432734
evaluation_accuracy_control,run-be83c9d3e5af/seed-2325060526,0.2894205071855339,-0.11333295926696119,-0.15570999523354678
evaluation_accuracy_control,run-be83c9d3e5af/seed-3549333581,0.29922950924779435,-5.862592214166869,0.6544555411012852
evaluation_accuracy_control,run-ebbe4035ec6e/seed-1741336945,0.2672803750218013,-3.6367883286812273,0.9064783646369017
evaluation_accuracy_control,run-ebbe4035ec6e/seed-3002361271,0.16396606781986323,0.28829670072262725,0.6146410569202777
evaluation_accuracy_control,run-ef7523a1358a/seed-1226023601,0.1496717595164756,0.003815963403589584,0.7280665344860803
evaluation_accuracy_control,run-ef7523a1358a/seed-881886696,0.3883178891758717,-1.9042477126118849,0.6886483391856749
evaluation_accuracy_control,run-f856f0c1ae51/seed-2722409734,0.10029955361411425,0.5010982460795602,0.8433013363651889
evaluation_accuracy_control,run-f856f0c1ae51/seed-310190245,0.09703569773385803,0.5767932042032526,0.8241259454894553
behavioral_raw_logits,run-0e25bbe73f49/seed-3127276340,0.06678497969843182,0.8427719167888377,0.8913176049957457
behavioral_raw_logits,run-0e25bbe73f49/seed-4247511459,0.0923917139226639,0.7935288118734636,0.6909329713497177
behavioral_raw_logits,run-98357fef99fe/seed-4292514521,0.12750317815308154,0.2888787083724076,0.750035180711608
behavioral_raw_logits,run-98357fef99fe/seed-971400669,0.04460316245807944,0.8373361374243358,0.8183310670853479
behavioral_raw_logits,run-be83c9d3e5af/seed-2325060526,0.2407886249012403,0.2668685603236429,0.7613327914747829
behavioral_raw_logits,run-be83c9d3e5af/seed-3549333581,0.16821256869892537,-1.20041707340786,0.8187617260787995
behavioral_raw_logits,run-ebbe4035ec6e/seed-1741336945,0.27652303853424237,-3.9923687276139095,0.9712463071803974
behavioral_raw_logits,run-ebbe4035ec6e/seed-3002361271,0.10930964619999291,0.649332046529514,0.8500398714731556
behavioral_raw_logits,run-ef7523a1358a/seed-1226023601,0.12083103653335456,0.42946853238188354,0.9039219524885707
behavioral_raw_logits,run-ef7523a1358a/seed-881886696,0.31052575380780806,-0.8514410263147887,0.9834420011757081
behavioral_raw_logits,run-f856f0c1ae51/seed-2722409734,0.03726342518942084,0.9502538205207722,0.9890707830196975
behavioral_raw_logits,run-f856f0c1ae51/seed-310190245,0.08739658107231785,0.7884099717034381,0.871429242480316
behavioral_class_centered,run-0e25bbe73f49/seed-3127276340,0.0667983710698686,0.8428072844082325,0.8913176049957457
behavioral_class_centered,run-0e25bbe73f49/seed-4247511459,0.09286238724016284,0.7918392435928675,0.6909329713497177
behavioral_class_centered,run-98357fef99fe/seed-4292514521,0.12733293893835557,0.28994474922684565,0.750035180711608
behavioral_class_centered,run-98357fef99fe/seed-971400669,0.044653441608119966,0.8379400955839124,0.8183310670853479
behavioral_class_centered,run-be83c9d3e5af/seed-2325060526,0.24073522158219535,0.2671377639213909,0.7613327914747829
behavioral_class_centered,run-be83c9d3e5af/seed-3549333581,0.16832793426775544,-1.203377186808468,0.8187617260787995
behavioral_class_centered,run-ebbe4035ec6e/seed-1741336945,0.2763603442025109,-3.986805420651428,0.9712463071803974
behavioral_class_centered,run-ebbe4035ec6e/seed-3002361271,0.10904597873326563,0.650540668720261,0.8500398714731556
behavioral_class_centered,run-ef7523a1358a/seed-1226023601,0.12097368453023863,0.4279272654101496,0.9039219524885707
behavioral_class_centered,run-ef7523a1358a/seed-881886696,0.3105152541322008,-0.8512081390647426,0.9834420011757081
behavioral_class_centered,run-f856f0c1ae51/seed-2722409734,0.03752376540181286,0.9497272222016422,0.9890707830196975
behavioral_class_centered,run-f856f0c1ae51/seed-310190245,0.08715773286856733,0.7894935415292087,0.871429242480316
behavioral_scale_normalized,run-0e25bbe73f49/seed-3127276340,0.12916465603606248,0.43980686588463314,0.9391622506696569
behavioral_scale_normalized,run-0e25bbe73f49/seed-4247511459,0.0786951510332466,0.8550147945135483,0.7659833959362451
behavioral_scale_normalized,run-98357fef99fe/seed-4292514521,0.11165591965818047,0.4708902014821994,0.8303391350191922
behavioral_scale_normalized,run-98357fef99fe/seed-971400669,0.020561370891602974,0.9608509737805297,0.9564238483245583
behavioral_scale_normalized,run-be83c9d3e5af/seed-2325060526,0.05835608368433144,0.8512997457309963,0.7643360766482535
behavioral_scale_normalized,run-be83c9d3e5af/seed-3549333581,0.19026835456185145,-1.8008727703889473,0.7913696060037524
behavioral_scale_normalized,run-ebbe4035ec6e/seed-1741336945,0.2180855986304044,-2.0873305667465893,0.9760307717477885
behavioral_scale_normalized,run-ebbe4035ec6e/seed-3002361271,0.12474701206405894,0.5794747485875814,0.849101741165824
behavioral_scale_normalized,run-ef7523a1358a/seed-1226023601,0.15860652721570592,0.04851853936366923,0.8701445077204697
behavioral_scale_normalized,run-ef7523a1358a/seed-881886696,0.1715566485642795,0.374848892377016,0.9074534462818491
behavioral_scale_normalized,run-f856f0c1ae51/seed-2722409734,0.10051517189085099,0.6122155136881944,0.9661804035208068
behavioral_scale_normalized,run-f856f0c1ae51/seed-310190245,0.07039170590907112,0.8600320126024771,0.9624278822914804
behavioral_probabilities,run-0e25bbe73f49/seed-3127276340,0.060130146155832384,0.8544558288267605,0.9414137634072528
behavioral_probabilities,run-0e25bbe73f49/seed-4247511459,0.04566266640618564,0.9082094095489683,0.758853605600525
behavioral_probabilities,run-98357fef99fe/seed-4292514521,0.11701398261417753,0.40505345713302865,0.7915005402956642
behavioral_probabilities,run-98357fef99fe/seed-971400669,0.02228450105710844,0.9550729805678534,0.9031380468681238
behavioral_probabilities,run-be83c9d3e5af/seed-2325060526,0.24717786193522304,0.22634490800640183,0.7662131298816726
behavioral_probabilities,run-be83c9d3e5af/seed-3549333581,0.16305510691105546,-1.0511579745149917,0.7812382739212008
behavioral_probabilities,run-ebbe4035ec6e/seed-1741336945,0.1823504401427037,-1.220853201080883,0.8849383189058909
behavioral_probabilities,run-ebbe4035ec6e/seed-3002361271,0.11009801373964853,0.6831649672613045,0.8224588404376069
behavioral_probabilities,run-ef7523a1358a/seed-1226023601,0.12124963895064655,0.45204606485677556,0.9782323309783929
behavioral_probabilities,run-ef7523a1358a/seed-881886696,0.12122050556014678,0.7183822437098857,0.9757493326555889
behavioral_probabilities,run-f856f0c1ae51/seed-2722409734,0.06510734184088512,0.8503047538210194,0.9915099218187599
behavioral_probabilities,run-f856f0c1ae51/seed-310190245,0.05733063293944844,0.9145211500171544,0.9982644600315472
